FirstName,LastName,Email,SourceId
George,Bluth,george.bluth@reqres.in,1
Janet,Weaver,janet.weaver@reqres.in,2
Emma,Wong,emma.wong@reqres.in,3
Eve,Holt,eve.holt@reqres.in,4
Charles,Morris,charles.morris@reqres.in,5
Tracey,Ramos,tracey.ramos@reqres.in,6
Leanne,Graham,Sincere@april.biz,1
Ervin,Howell,Shanna@melissa.tv,2
Clementine,Bauch,Nathan@yesenia.net,3
Patricia,Lebsack,Julianne.OConner@kory.org,4
Chelsey,Dietrich,Lucio_Hettinger@annie.ca,5
Mrs.,Dennis Schulist,Karley_Dach@jasper.info,6
Kurtis,Weissnat,Telly.Hoeger@billy.biz,7
Nicholas,Runolfsdottir V,Sherwood@rosamond.me,8
Glenna,Reichert,Chaim_McDermott@dana.io,9
Clementina,DuBuque,Rey.Padberg@karina.biz,10
Emily,Johnson,emily.johnson@x.dummyjson.com,1
Michael,Williams,michael.williams@x.dummyjson.com,2
Sophia,Brown,sophia.brown@x.dummyjson.com,3
James,Davis,james.davis@x.dummyjson.com,4
Emma,Miller,emma.miller@x.dummyjson.com,5
Olivia,Wilson,olivia.wilson@x.dummyjson.com,6
Alexander,Jones,alexander.jones@x.dummyjson.com,7
Ava,Taylor,ava.taylor@x.dummyjson.com,8
Ethan,Martinez,ethan.martinez@x.dummyjson.com,9
Isabella,Anderson,isabella.anderson@x.dummyjson.com,10
Liam,Garcia,liam.garcia@x.dummyjson.com,11
Mia,Rodriguez,mia.rodriguez@x.dummyjson.com,12
Noah,Hernandez,noah.hernandez@x.dummyjson.com,13
Charlotte,Lopez,charlotte.lopez@x.dummyjson.com,14
William,Gonzalez,william.gonzalez@x.dummyjson.com,15
Avery,Perez,avery.perez@x.dummyjson.com,16
Evelyn,Sanchez,evelyn.sanchez@x.dummyjson.com,17
Logan,Torres,logan.torres@x.dummyjson.com,18
Abigail,Rivera,abigail.rivera@x.dummyjson.com,19
Jackson,Evans,jackson.evans@x.dummyjson.com,20
Madison,Collins,madison.collins@x.dummyjson.com,21
Elijah,Stewart,elijah.stewart@x.dummyjson.com,22
Chloe,Morales,chloe.morales@x.dummyjson.com,23
Mateo,Nguyen,mateo.nguyen@x.dummyjson.com,24
Harper,Kelly,harper.kelly@x.dummyjson.com,25
Evelyn,Gonzalez,evelyn.gonzalez@x.dummyjson.com,26
Daniel,Cook,daniel.cook@x.dummyjson.com,27
Lily,Lee,lily.lee@x.dummyjson.com,28
Henry,Hill,henry.hill@x.dummyjson.com,29
Addison,Wright,addison.wright@x.dummyjson.com,30
بیتا,کریمی,byt.khrymy@example.com,4d038666-18ec-4d79-9b19-7717bb4b9c60
Zachary,Gauthier,zachary.gauthier@example.com,64bd45f9-ca10-4f58-b827-b1f74850ac54
Francis,Matthews,francis.matthews@example.com,03cb0b8e-da55-4a42-aac5-2bc8eec4ac7a
Sondre,Hegge,sondre.hegge@example.com,173c58a9-ce4c-448b-b1b6-e0b045934e9c
Rasmus,Christensen,rasmus.christensen@example.com,431efd07-514c-413b-80ed-21ab9e61f66c
Guillermo,Gallardo,guillermo.gallardo@example.com,89afaae4-b6d4-4dcc-a07f-3e4f509b0969
Esma,Akan,esma.akan@example.com,946ee767-b4ca-483b-9bc3-240c1bc7beb8
Terri,Wells,terri.wells@example.com,acadff7a-343d-433c-b27f-7368b1efc01f
Brajko,Jeremić,brajko.jeremic@example.com,574980b1-29dc-4595-8015-ea45633b1193
Özsu,Nebioğlu,ozsu.nebioglu@example.com,9d19e16a-a1d7-4420-8eb5-0a17459bf1b9
Tom,Harper,tom.harper@example.com,997631d5-4e33-4d07-85e2-afb5449b6f0f
Maddison,Miles,maddison.miles@example.com,2b19014e-a32c-4336-b436-deb78bbf09fd
Melike,Kumcuoğlu,melike.kumcuoglu@example.com,6aeeb76f-d26f-41bc-bd21-49d780a746df
Carter,Singh,carter.singh@example.com,7c28f5de-f735-4597-802f-6d8fc8339aa9
Mehmet,Numanoğlu,mehmet.numanoglu@example.com,5efca3b7-92be-40b6-af68-1d94ecf9e1c9
Marinei,Souza,marinei.souza@example.com,5f6f1faa-a13e-4cd7-be55-9426e8d9be79
Čedomir,Kalinić,cedomir.kalinic@example.com,8fd8fa5f-e583-404e-883d-551704bb9c9f
Özsu,Baykam,ozsu.baykam@example.com,a80d11d7-ae5e-4ae1-b445-3fd1c530b006
Lina,Vidal,lina.vidal@example.com,bc6c5348-ceaf-46f2-89c0-b15e74d8721e
Marie,Durand,marie.durand@example.com,34dcc1a2-55ad-443d-9e41-ae9216c3f12e
Sergio,Zúñiga,sergio.zuniga@example.com,4691b555-8acd-4bd0-9da0-7b79b85508c0
Andrea,Martin,andrea.martin@example.com,24eccb18-ea9e-414b-aa80-df806cd7dc4a
Haritina,Oleskiv,haritina.oleskiv@example.com,39d20a53-6c37-4b64-b6f3-aa2dda83f787
Dinella,Singh,dinella.singh@example.com,3037ec0a-2cd9-4633-accf-6229122c134c
Lucas,Lomeli,lucas.lomeli@example.com,b5c03a52-24cd-40e1-8d7d-8b7b48181b94
Teunie,Beerepoot,teunie.beerepoot@example.com,9369ff05-1168-4f7d-9aa6-067f54831104
كيان,یاسمی,kyn.ysmy@example.com,601ed9b6-adc9-44ff-a600-1c2ef171eaf4
Dana,Yanenko,dana.yanenko@example.com,9a7d9e4d-53e3-40b8-a9a6-a600133061f5
Trinidad,Galindo,trinidad.galindo@example.com,c0784259-d464-4c67-94d7-24e1aaed0738
Daniel,Soler,daniel.soler@example.com,e65c8082-40ce-4dc9-b21a-82c0cf0a4e09
Ana,Dinčić,ana.dincic@example.com,6aedc3d2-b569-4f42-ae9b-fb16f3840ba7
Isla,Laurila,isla.laurila@example.com,1ae4880b-2099-42d1-a98f-06bdd4889065
Anatoliy,Luchakivskiy,anatoliy.luchakivskiy@example.com,e093def2-d650-41cb-9e07-52640fbc2f67
Kaitlin,Grant,kaitlin.grant@example.com,6ab4847e-e1c3-4b33-aa96-ce29d8faf265
Dorogochin,Gogol,dorogochin.gogol@example.com,ec65b080-18ba-42d3-a0aa-2ef1373ea25a
Eloïse,Simon,eloise.simon@example.com,cc513dc9-2f57-4201-bdbc-4a17a99ca9b5
Alejandro,García,alejandro.garcia@example.com,c3466a79-1876-446f-bda8-4579ddcb615b
رادین,حسینی,rdyn.hsyny@example.com,c812c5c6-e1b5-4e6d-bcb1-b8eff96af24a
Maurice,Hanson,maurice.hanson@example.com,fb667aa6-a3c3-45af-a5c9-b78fa124aa48
Kai,Kick,kai.kick@example.com,ea123e8a-573b-440d-9f38-e0fc159615e8
Tommy,Oliver,tommy.oliver@example.com,4b303809-cae8-4cd9-b112-75ea5970369a
Toivo,Koskela,toivo.koskela@example.com,85fcacf7-9f0f-4889-9159-e28e123c43c2
Léandro,Vincent,leandro.vincent@example.com,53d1030f-43bc-4e0a-add8-3b257c0da5e7
Eldar,Myrvoll,eldar.myrvoll@example.com,92b72e43-14d1-4750-82a9-c9b356ca2941
Jayden,Wilson,jayden.wilson@example.com,7ddf317f-6eb9-47af-8cb4-facf7deac336
Emilie,Lo,emilie.lo@example.com,ac6e67f3-214a-4861-a6e7-61bed3f34ec9
Jacob,Ross,jacob.ross@example.com,61689b62-3d16-4b6b-8c17-e3bf6f9e5dfe
Aurora,Anderson,aurora.anderson@example.com,f5ce3c56-283e-4f07-9864-90167eda1438
Zlat,Shamray,zlat.shamray@example.com,99ab1bff-9283-419a-afa3-4463e513f99d
Romano,Ramos,romano.ramos@example.com,a893daaa-ca0d-4bca-8bd5-8d0ab79524e5
Marina,Koreckiy,marina.koreckiy@example.com,fdc9d801-ea50-4f77-8477-74fb961207bc
Darren,Steward,darren.steward@example.com,90c8677d-c3d2-43a8-ab01-1e4c5d67722b
Susan,Soto,susan.soto@example.com,ddc57d35-6d8e-496e-9a84-f71fd8646cd9
Elizabeth,Shelton,elizabeth.shelton@example.com,4e1085c5-630e-4e8c-84fe-2eaabf2bec2a
Brianna,Bowman,brianna.bowman@example.com,e3332f60-c888-4538-81fc-4926433a844c
Mallika,Taj,mallika.taj@example.com,57e68d5b-86b0-4923-b9ec-85190f753022
Varsha,Hiremath,varsha.hiremath@example.com,87c9b9c4-f28f-4225-a0df-9301a94721cc
Ružica,Cvejić,ruzica.cvejic@example.com,e4f4d045-583a-4507-a355-6b6aca021a20
Adam,Christiansen,adam.christiansen@example.com,1c589950-c04d-4cd7-8855-15758768ab53
Thomas,Lane,thomas.lane@example.com,468aefd1-4bd9-4848-9d11-951ab122d2d7
Geneviève,Meunier,genevieve.meunier@example.com,69251731-366f-4e09-9657-e735661faf3e
پریا,سهيلي راد,pry.shylyrd@example.com,a23c805f-515a-407b-9bfe-833b8743ba19
Ottomar,Lüke,ottomar.luke@example.com,84e445b0-2eaf-4c9a-b0ba-a88dbc24b557
Marga,Nitsche,marga.nitsche@example.com,86613e56-e93a-4670-b1f4-9a79257ba236
Sam,Johnston,sam.johnston@example.com,78f5734a-4370-43ea-95dd-b54875263b4d
احسان,موسوی,hsn.mwswy@example.com,4b0b1be4-3e2b-4b59-b592-3854c7c6df65
Roy,Lord,roy.lord@example.com,54a34a6e-d144-4ad5-998f-fc721c63008c
Cäcilia,Kelm,cacilia.kelm@example.com,3fcf96b6-28f6-47a7-ac64-a50ae783b9da
Carmen,Pérez,carmen.perez@example.com,ad0d267b-4c44-4bf4-bbf0-92b53b739c2e
Nicklas,Kvaale,nicklas.kvaale@example.com,43aa7003-3e59-494c-bbff-5d8555491807
Falk,Gerber,falk.gerber@example.com,d6147fd7-b5e1-41d1-a81a-505c655b5c66
Vitomir,Šerbedžija,vitomir.serbedzija@example.com,6b6e7b2a-3f78-4f1f-9a0c-1b44f4187442
Santiago,Gil,santiago.gil@example.com,72fba348-5507-44a3-8155-0e7256a0d5c9
Heidelinde,Duwe,heidelinde.duwe@example.com,6042b59d-149f-4f7c-aeaa-871d1c855600
Corey,Bennett,corey.bennett@example.com,60300a23-9004-42ae-9509-e0da6a1f47c0
Silje,Olsen,silje.olsen@example.com,be7cc965-cfe2-41e7-9f00-a63f21d3dab8
Olivia,Christensen,olivia.christensen@example.com,97e51afe-f262-428b-b7c5-3a354beb4a23
Xenia,Blumenthal,xenia.blumenthal@example.com,c0075032-e564-4905-9942-6967f58d1ba7
Maxim,Wesdorp,maxim.wesdorp@example.com,9254d538-61e8-4edd-959e-857c84f04d32
Poppy,Wilson,poppy.wilson@example.com,154ca1c0-173c-4ee3-8232-195e27aaf82e
Mikkel,Jensen,mikkel.jensen@example.com,707d1746-f188-41fc-81b1-44fa44d168d5
Selma,Christiansen,selma.christiansen@example.com,e891e2e6-9405-4128-b19f-5d240db3d940
Levin,Gonzalez,levin.gonzalez@example.com,edf695b5-9bfa-4f86-84db-e9bf725a681e
Özsu,Bolatlı,ozsu.bolatli@example.com,0330ecaf-afda-42a5-9353-58ce21253dfc
باران,علیزاده,brn.aalyzdh@example.com,03151954-f368-45d3-aa83-b6384c629d11
Marius,Johansen,marius.johansen@example.com,3da7126b-5538-4a2f-902e-11b53e599375
Letitia,Burns,letitia.burns@example.com,ad01839f-1d35-4e39-9026-b448373d0946
Yarilo,Chernec,yarilo.chernec@example.com,2cffb6b8-fa30-48bf-ab7e-ae01b86dfeba
Emile,Sirko,emile.sirko@example.com,1c3bfef6-f45f-4c7c-b531-661d61db50ee
Elena,Dueñas,elena.duenas@example.com,c90e4ee8-88f3-4921-9f4c-dd2178bfabb8
Carolyn,Graham,carolyn.graham@example.com,ffd925b1-fd27-41e1-a16f-1e7458edecf2
Mathias,Olsen,mathias.olsen@example.com,c3d328af-bcf6-4665-a388-2622e20fb724
Friedrich,Da Silva,friedrich.dasilva@example.com,1252db5b-0b7d-4542-8cf7-3a2c7cc20ff9
Umang,Bansal,umang.bansal@example.com,ca8d320d-1962-4469-8b1a-b3c65fc2894a
Valentina,Gauthier,valentina.gauthier@example.com,a8e0f06e-d544-4d53-8c98-f75abcac14ac
Suchita,Pujari,suchita.pujari@example.com,b5c6f41d-e657-415d-8f69-3c714550e66e
Malou,Madsen,malou.madsen@example.com,75711fab-5ba4-4b45-981c-79739fe78337
Vildan,Kumcuoğlu,vildan.kumcuoglu@example.com,82f8867a-2be6-4838-95eb-3f263e54c201
Isobel,Gibson,isobel.gibson@example.com,fb3ad0ed-2d1f-423d-bbea-cea3a470c489
Brooklyn,Taylor,brooklyn.taylor@example.com,cbe13ef7-ec24-47a5-ab0c-7e53cbcebfcb
Pahal,Holla,pahal.holla@example.com,fed9f78c-7c3c-4e9a-9166-f6b6dd854f42
Katarina,Mladenović,katarina.mladenovic@example.com,d4f6db2b-32f1-48dc-b8ae-794deaaa27c5
Astrid,Møller,astrid.moller@example.com,0a07e890-99b9-48dc-aafa-e7d5f13545d3
Candice,Nelson,candice.nelson@example.com,52c47aae-5d2c-4803-ad2e-ad292dccfa58
Gies,Bel,gies.bel@example.com,94504b30-61ce-4481-adb6-e0c7eeb033e4
Zachary,Hall,zachary.hall@example.com,19b505ed-3664-4741-aabb-7fb0b50e46ca
Israel,Escalante,israel.escalante@example.com,92f57c7a-a1d2-4876-be39-c6144880c027
Tom,Carr,tom.carr@example.com,5bfb36c2-4dc2-41f8-a1c8-dd44036bae49
Mariana,Silveira,mariana.silveira@example.com,8e913679-3461-4122-9b01-606010e4e557
Esther,Dumont,esther.dumont@example.com,fe8a5f3f-8ee1-4721-96c1-cc6ed9bf2df1
Pasquale,Rijpkema,pasquale.rijpkema@example.com,db79aa53-abc8-4796-adee-045c48ca99f5
Elsbeth,Gautier,elsbeth.gautier@example.com,8424f18d-a264-4e89-9f2a-e13bcb32656d
Pratima,Gupta,pratima.gupta@example.com,1a3ed7b8-3eb0-46d3-b36e-ccb13e03cfe7
Allen,Simmmons,allen.simmmons@example.com,7b198c55-103d-4ce0-800c-7ac66a0108fa
Marius,Engl,marius.engl@example.com,bbe3b460-1abf-454c-9148-5243c5770ab8
Ava,Mendoza,ava.mendoza@example.com,0e766cb4-1842-4acd-8a04-e86d8b815d00
Peter-Michael,Hennecke,peter-michael.hennecke@example.com,dd47e8c7-1571-4935-8302-dbf45bbee3c1
Osmar,Pereira,osmar.pereira@example.com,c2a2f5ae-d6d4-4e89-b12f-75ddd220d0b1
Fotina,Romanovska,fotina.romanovska@example.com,57ec317b-b6a1-4020-be9f-8e0939bd61ce
Matilde,Vatland,matilde.vatland@example.com,2f774eaf-39da-4e39-a5f2-73fd656797ee
Dineke,Van Overbeek,dineke.vanoverbeek@example.com,8a530c87-56c8-43d4-ba0b-adefb3bb4e23
Chakradev,Acharya,chakradev.acharya@example.com,f3b62bad-ec79-4fca-a3fa-a4f8a6305f8d
Dana,Marchand,dana.marchand@example.com,f5f8fa8f-7cb2-4cae-85b9-165c18e85817
Noa,Lindland,noa.lindland@example.com,758013d4-4597-4181-ac8d-fcbb1ce64cb3
Olga,Španović,olga.spanovic@example.com,05288353-2729-4962-ab4b-f38dc8394ccb
Laksh,Saldanha,laksh.saldanha@example.com,014969cc-308e-49fc-984e-24ee83d8f3d7
Anthony,Cook,anthony.cook@example.com,f715804a-60e7-46d9-b639-e67fdf8f64bb
Clara,Ballesteros,clara.ballesteros@example.com,b33f3d36-cbb5-47f0-bcaa-4e5e68b110df
Karen,Wheeler,karen.wheeler@example.com,2f051e14-ec6a-4501-8bd4-f2b79564f936
Tamara,Noel,tamara.noel@example.com,a3050976-765c-4fcf-8850-25438816c9c4
Jeppe,Andersen,jeppe.andersen@example.com,fcdb0a7f-c6ec-47b4-941c-e8ef28e55a0b
الینا,نكو نظر,lyn.nkwnzr@example.com,5017704a-be58-4c37-833d-8f675d2b8243
Sofia,Carr,sofia.carr@example.com,bcb7d8ba-4392-4cd6-9352-a3fb5ecd2da1
Manuela,Carrasco,manuela.carrasco@example.com,44bd391c-72db-468e-9648-19e62d54d32c
Lidia,Gómez,lidia.gomez@example.com,c4235d6b-7e05-43e5-b8ed-aadcc40c9ff6
Ida,Petersen,ida.petersen@example.com,583829a9-96d2-4d8f-b2c7-653b4e31d396
Fernando,Vicente,fernando.vicente@example.com,121f62ba-eca5-47f8-b0d3-4b917d05ffe2
Xavier,Crespo,xavier.crespo@example.com,6f465978-b713-40d6-8900-9ce2071b3957
Eva,Grewal,eva.grewal@example.com,7c7c391d-2526-4d47-a9ad-62845f1d86e4
Leo,Perko,leo.perko@example.com,0c549940-7e6b-493f-8149-13775e105f8c
Vuk,Zeljković,vuk.zeljkovic@example.com,2e37f426-8afd-43ba-9c96-46e5c2cae037
Victoria,Kristensen,victoria.kristensen@example.com,5c8323cb-6398-4ab9-964f-b9968ba94465
Mohamed,Hystad,mohamed.hystad@example.com,5c97c71d-7925-4371-92f3-e7fa421dfd1e
Devansh,Adiga,devansh.adiga@example.com,4c49da7b-cc70-428e-96df-cc2b20c5602c
Daniela,Barreto,daniela.barreto@example.com,f9fc3087-abf2-41c7-8ac1-09f275032324
Samuel,Almonte,samuel.almonte@example.com,dc92a2b9-4e16-457c-93a9-22e1d28af3df
Alice,Evans,alice.evans@example.com,d1eebe57-0b6a-4235-be8f-c103fb8e0b69
Horiv,Baturinec,horiv.baturinec@example.com,ad9ff11f-2b49-4f12-9519-bea578401f44
Mestan,Poçan,mestan.pocan@example.com,546cf2f7-af5a-4bb2-ace9-f8dcce5554e3
Susanna,Mitchelle,susanna.mitchelle@example.com,ec28b711-fcad-4e1e-b895-7f073cab22ee
Miriam,Morales,miriam.morales@example.com,fff5990d-32be-4612-9e0f-4ef44a369687
Iiris,Wirta,iiris.wirta@example.com,29615b08-43cc-4cf3-bfa2-82e83c68d400
Julie,Vargas,julie.vargas@example.com,b3dd148b-6143-4fe8-8807-c87a5aa3d5f0
Seleso,Moraes,seleso.moraes@example.com,409fd354-b2ce-4742-9960-c1ae09a71550
Laksh,Anand,laksh.anand@example.com,73dbbc2a-7853-4529-8c80-c63edb68a870
Bertine,Gjengstø,bertine.gjengsto@example.com,ebd3be71-7fd2-4fda-aaaa-176dc1d925da
Anthony,Lecomte,anthony.lecomte@example.com,7142c0e0-f131-4898-b7d2-db1a6f99a9ad
Sebastián,Caballero,sebastian.caballero@example.com,33c3c853-f46c-4266-a9ad-a117c3429474
Lucas,Hill,lucas.hill@example.com,fb8d4ebf-4c3f-49bb-80fe-77d54849c7dc
Zara,Turner,zara.turner@example.com,5f5eff91-0283-4def-9fd4-503a67530912
Theodore,Campbell,theodore.campbell@example.com,04bc6779-b517-44f9-89b4-4c7dd82e2fe2
Matteo,Morel,matteo.morel@example.com,a7b49f76-6a54-420f-83be-ff92cc11bce6
Oliver,Kauppila,oliver.kauppila@example.com,0135d060-5eed-4440-8042-8b8a8f5f1b9b
آرمین,یاسمی,armyn.ysmy@example.com,d8dd670c-0852-4193-9a6f-9488b8d1b26c
Georgia,Harris,georgia.harris@example.com,1c3f5404-3642-42aa-8443-d7699d864213
Chahida,Spanjers,chahida.spanjers@example.com,6ed3513e-172f-4514-8d50-a827aa3f4bd3
Odarka,Charnish,odarka.charnish@example.com,8f8d3532-fe08-4dcc-b356-e630524aa9a8
Bozhko,Mikolenko,bozhko.mikolenko@example.com,76197288-25cc-4020-a841-9a34f5387d47
Ruben,Myers,ruben.myers@example.com,3b8840ea-1fc9-4876-8ee6-c922a684ff27
Dobrivod,Shutko,dobrivod.shutko@example.com,fd405713-599c-40ed-9a86-b7262de07134
Mia,Patel,mia.patel@example.com,27d87c59-4be2-4c14-84e1-af9e828b5757
Dianne,Rodriguez,dianne.rodriguez@example.com,6290fe5e-91a4-42ae-a32d-c7bc7ba80927
Johanne,Johansen,johanne.johansen@example.com,cf40e96f-f50c-494f-a4ec-f0655bca3df1
Jamie,Sanchez,jamie.sanchez@example.com,53e4377f-6f95-42f5-8143-57d6d8bdbcb6
Nellie,Taylor,nellie.taylor@example.com,1f5cfda5-f163-4ff8-a2d5-b6993e14e396
Álvaro,Herrero,alvaro.herrero@example.com,c41cdb6e-3e35-45a3-b4d9-7392963c4127
Yulina,Petrishin,yulina.petrishin@example.com,57e13067-4166-431e-8f6a-cfd1f946e5eb
Isabella,Poulsen,isabella.poulsen@example.com,bbcace7e-a8aa-484b-8d11-b4b02aa8e92d
Yuridia,Rivas,yuridia.rivas@example.com,82acb067-2096-4476-ae6b-085299056347
Vicêncio,Viana,vicencio.viana@example.com,0aa02bc0-4033-4305-874a-64ec25ce10c8
درسا,جعفری,drs.jaafry@example.com,a810e604-e50c-45a4-bb92-da302b46d6ee
Adam,Young,adam.young@example.com,8c9535f6-184a-4594-b92c-d0c494b5d6f9
Istvan,Siegert,istvan.siegert@example.com,ef1fb8bc-abf2-4d43-9fa2-24ea94ae84fd
Olivia,Poulsen,olivia.poulsen@example.com,da666b15-5d35-4ef4-be76-c4cdb3ca1d20
Herman,Neverdal,herman.neverdal@example.com,857361eb-02a2-4e40-8752-4f29eed2302f
Gianluca,Plasmeijer,gianluca.plasmeijer@example.com,3c32c718-aad2-47f8-bb0f-792d26675794
Mauricio,Prieto,mauricio.prieto@example.com,a2a7c01e-5f96-4b0d-8e51-3b66c2e4e674
Mathias,Blanchard,mathias.blanchard@example.com,76a85de9-6bca-4bda-869d-c3a5503df763
Baptiste,Michel,baptiste.michel@example.com,e38e730d-eac9-42f8-a9be-af6d68ffa671
Yash,Kumari,yash.kumari@example.com,b68d35d1-433f-4636-ac82-bfc6f32ab495
Tracy,Garcia,tracy.garcia@example.com,d6018c5f-0909-4639-ba1c-cc6fa3efc524
کوروش,کامروا,khwrwsh.khmrw@example.com,a2747cad-8a6e-4bcd-98d0-b60a804c4ae1
Umut,Önür,umut.onur@example.com,1395b44b-a05f-4c49-91ce-5e83e2d8b6e9
Gaël,Berger,gael.berger@example.com,a416d088-6899-45f9-80a6-56f4761cd5ae
Yarovit,Zharko,yarovit.zharko@example.com,3218ae12-5b12-48e5-8ed6-9e687128b789
Varfolomiy,Bezpalkiv,varfolomiy.bezpalkiv@example.com,cf74f19f-26f6-4c8b-9649-8edeb832a43b
آوا,زارعی,aw.zraay@example.com,6bcb339a-90d1-4796-835b-b5d4c2c24c53
Liam,Carter,liam.carter@example.com,097fcc53-c72c-409b-bb97-d2b7e5fd9074
Kenza,Offermans,kenza.offermans@example.com,a854a030-e853-455e-aefc-4f638a189bd8
Lewis,Walker,lewis.walker@example.com,7c7a1f6f-355b-4c65-af45-3bae6df07541
Emily,Martin,emily.martin@example.com,e18145a5-cd1a-479d-bbe2-8a595685e746
Benjamin,Evans,benjamin.evans@example.com,0169c85b-9655-451d-bfb0-2f4eb249e832
Hailey,Lam,hailey.lam@example.com,62e3dd0e-79b7-4673-a2e6-13a567792650
Sonia,Lebrón,sonia.lebron@example.com,cffcca28-9ba2-47c0-ae2a-0f3e6be66c7f
Nalan,Dizdar,nalan.dizdar@example.com,194b8872-a260-4ec0-9a8d-db82ece6af2c
Susanna,Freeman,susanna.freeman@example.com,b8205b3e-955e-476d-a131-63d54cc5dfac
Alice,Williams,alice.williams@example.com,03d6883b-30a7-4aaa-a8e3-5aef4c1c254d
Malthe,Thomsen,malthe.thomsen@example.com,d28a5e39-bfa7-4623-91bd-c4f5cf35be0b
Alexander,Wilson,alexander.wilson@example.com,43ed1ae6-714b-48b1-9344-db34a2646fd6
Wenseslao,Páez,wenseslao.paez@example.com,d645e5ae-1dd4-4c81-ae1b-f3b24c0d49cf
Alexandra,Wood,alexandra.wood@example.com,67e29d79-b2f6-45fc-a606-7925378a859f
Joshua,Dixon,joshua.dixon@example.com,f9be4d99-6282-4fa7-a4c2-4f41db1c1e9c
Nada,Nagy,nada.nagy@example.com,68ccc739-2d86-4c5c-a650-a432d098b3b5
ملینا,كامياران,mlyn.kmyrn@example.com,a4126eab-f8b6-40d3-bd4c-c1ab68c2aa0d
Neea,Jarvi,neea.jarvi@example.com,91bbd4f8-94ca-4557-8f10-1a8575c6c75a
Theodor,Manthey,theodor.manthey@example.com,c16fedeb-b754-4f88-9594-68650c70234c
Vildan,Alnıaçık,vildan.alniacik@example.com,2ea2ffed-9506-45f4-8c89-d3eefe57098e
Nathaniel,Clarke,nathaniel.clarke@example.com,0afc5589-16cc-4450-9fa7-50b87fd8ffe5
Sonia,Álvarez,sonia.alvarez@example.com,0489486f-cb86-40e0-9529-3facdb0b3351
Oliver,Peltonen,oliver.peltonen@example.com,fb89524d-f88a-4aef-86a7-f7675d4321e5
Madison,Anderson,madison.anderson@example.com,655a236b-eae8-47c4-a914-7c4414d9b463
Alexis,Walker,alexis.walker@example.com,0bd96bc3-3913-474c-b55b-d3d5db4375a6
Maya,Gagné,maya.gagne@example.com,ccf1561c-19c1-4974-8326-50ea7397bbad
Clifford,Oliver,clifford.oliver@example.com,e1560383-fb92-4389-b713-87303e65adac
Catherine,Smith,catherine.smith@example.com,2016c8df-221a-4712-8a7d-9ecc1e7fb5c1
Emil,Niemela,emil.niemela@example.com,46dfec74-4c2b-439b-a282-1b9434c0bcf8
Zoraia,Moraes,zoraia.moraes@example.com,b256dd43-8928-4246-98d6-4efcb6a8f3e8
Ines,Elnes,ines.elnes@example.com,b7f54517-6aea-4ac3-87cd-7ddc8f80fada
Arthur,Bouchard,arthur.bouchard@example.com,a5762980-1dea-4bb8-9078-d30096b6af36
Erin,Adams,erin.adams@example.com,aaa2b7e8-e079-4dee-85d9-81179fab1859
Mihaela,Anđelić,mihaela.andelic@example.com,b167d075-3779-4f1b-a57a-12df247615d0
Delphine,Martin,delphine.martin@example.com,dcd8e806-fe76-4e53-af15-0602b4293ea1
Liam,Robertson,liam.robertson@example.com,473c2d6b-3a7e-4cd8-b6f0-c1357ed52a8c
Amalie,Poulsen,amalie.poulsen@example.com,eaee7aa3-1e23-4a64-a507-d379fbfefe96
Maria,Thompson,maria.thompson@example.com,a5ac6537-1772-4223-a1f6-5d36cffe7d8f
Louis,Ouellet,louis.ouellet@example.com,e7baf6a8-db0a-4996-802e-db97400fb886
Flynn,Hall,flynn.hall@example.com,39bfab65-72ae-4cc7-a62f-9b13312a852e
Olivia,Naranjo,olivia.naranjo@example.com,3e927cd5-1b6a-4764-a789-031bc20b6824
Rohan,Klee,rohan.klee@example.com,009cf957-6057-4802-8e46-bd11ed4cb8fa
Lyudislav,Kondratskiy,lyudislav.kondratskiy@example.com,d6f7e3b6-79f2-4c85-9e31-9b7fa3722d7b
Darren,Dalstra,darren.dalstra@example.com,14231861-c299-44ac-b519-e97bd213b63b
Ricardo,Gutiérrez,ricardo.gutierrez@example.com,71f60950-4a3c-4196-b876-7f9d10c386d4
Kirti,Rigter,kirti.rigter@example.com,6586e972-2073-4dae-a16c-79b00c7068b0
Sylvester,Celik,sylvester.celik@example.com,9080a653-dd37-4bdb-885f-000a21986ccf
نيما,كامياران,nym.kmyrn@example.com,49c12339-c1cd-4aa4-8a64-a52f640266e5
Hagen,Kämmerer,hagen.kammerer@example.com,1278cc6f-2da2-47b8-91ac-120239f3e604
Ulrike,Sedlmeier,ulrike.sedlmeier@example.com,4568ace7-bc43-4713-9a92-d1b1b78d56dd
Leo,Carter,leo.carter@example.com,18da861f-7afe-4cac-8726-32b1daf7f0ec
Parv,Das,parv.das@example.com,5c850519-4bc3-4086-be69-9699f1b64f81
Isabella,Wright,isabella.wright@example.com,9593be03-e43c-4bf5-81a4-f5cfbf42f568
Hugo,Olsrud,hugo.olsrud@example.com,7eded4db-8209-45f5-a4f4-1ac05b91ebe0
Antonida,Tregub,antonida.tregub@example.com,5fb6de5a-6896-4c07-aad2-cd5e51efeb53
Albin,Dupuis,albin.dupuis@example.com,43d439c3-b54d-4fb3-90f2-5b4619085e3e
Sara,Vázquez,sara.vazquez@example.com,b6650618-4b69-4572-b66d-5ead44f7839e
Okan,Önür,okan.onur@example.com,8761020c-e44e-4f58-858a-6cb589096bc7
Florence,Morris,florence.morris@example.com,4c67a98a-8cc4-4acb-89df-dd23268121ef
Andreas,Renaud,andreas.renaud@example.com,4fe364ec-90dc-4598-8dfa-8aeff292822e
Berend,Clausen,berend.clausen@example.com,8d3c625a-d2d6-4618-9762-94861518bcf8
Ronja,Saksa,ronja.saksa@example.com,a3a5691b-08a2-44da-b038-4f78919e71b7
Jared,Martinez,jared.martinez@example.com,1d3ef76e-7284-43fb-8c3b-93bd984b0cc7
Ramona,Mitchelle,ramona.mitchelle@example.com,ff3e3611-a03f-4202-bdd4-4ff6afa91801
باران,رضایی,brn.rdyy@example.com,e97da9c3-53c2-4eef-bdc1-37554ba1563f
محمدامين,کوتی,mhmdmyn.khwty@example.com,1a52bcd2-94df-4b04-a4ce-dc4720ae2fd1
Debbie,Daniels,debbie.daniels@example.com,90797930-9844-40ce-a868-0764923fdbed
Thi,Berger,thi.berger@example.com,d02c2de6-7213-45c6-bdef-9a30048df831
Susanna,May,susanna.may@example.com,ad411b30-4189-4897-bf23-8fe9eb1a5c3a
Maya,Dubois,maya.dubois@example.com,30364964-6777-41b5-b828-01d94e066a25
Jonas,Moulin,jonas.moulin@example.com,5ad12db8-40c0-48d9-b897-e18857d45585
Amoli,Chavare,amoli.chavare@example.com,f6d9fb94-eec9-402e-a9ae-c2e6783e4747
Yanis,Girard,yanis.girard@example.com,b6a83a24-ac9b-4dde-9d41-91d5f3e0f2ae
Annegret,Röll,annegret.roll@example.com,e722c5e3-3d3d-4f66-8754-5629f69a8d21
Laura,Nielsen,laura.nielsen@example.com,9bb21e17-4482-4495-8071-b2b64bd59ba9
Maël,Bourgeois,mael.bourgeois@example.com,48710958-4696-49e9-ad1e-1fd686ae065c
نازنین,رضاییان,nznyn.rdyyn@example.com,f19a5900-c7f5-414f-bab0-1022b6f24e26
Pavla,Petrina,pavla.petrina@example.com,395dcd57-b4f7-4dbb-b63f-5e21e8414548
نازنین,نجاتی,nznyn.njty@example.com,1b87bf67-ce08-434e-b792-246d4edc48be
Nathielle,Fernandes,nathielle.fernandes@example.com,8982c248-1e33-40a5-817c-2677e6a37b1a
Orogosta,Cebrovskiy,orogosta.cebrovskiy@example.com,36045de6-0a0b-4a68-b466-706f41875107
Darryl,Herrera,darryl.herrera@example.com,6fcc44ca-94bb-4afe-8543-9178a9956e1e
Feliciana,da Cruz,feliciana.dacruz@example.com,1801f3c0-591c-41d5-8156-820d5f5f8ea3
Eleanor,Perry,eleanor.perry@example.com,559c636e-5b0e-45f7-8e92-c2dcef286d10
Justin,Le Gall,justin.legall@example.com,47e8eae9-bb3f-4bdd-a6fd-4ac4403521a8
Gerald,Just,gerald.just@example.com,7e89f699-100c-4f50-96c3-aaeec85868cc
Michelle,Vestad,michelle.vestad@example.com,3b6426d3-1070-4bbf-b8a0-26bd4f5d1b5c
Mila,Blažić,mila.blazic@example.com,4b554ffd-3e40-4f6c-896e-c7b9464e69e9
Pedro,Huth,pedro.huth@example.com,6362d58a-c500-4515-aacc-e3cbd8b332ee
Draga,Kićanović,draga.kicanovic@example.com,49ccc7a1-0db7-42bb-b33e-75f1df7b915d
Alexander,Larsen,alexander.larsen@example.com,1e75dda0-65cd-4f84-aa3c-1838f2a2538a
Marie,Baker,marie.baker@example.com,a174d743-4a61-4168-b4c8-090a1eae7f47
Oliwia,Lona,oliwia.lona@example.com,d4c6dfdb-d87d-4a16-b3b4-b69276cccc29
Timothe,Lecomte,timothe.lecomte@example.com,c0074435-7bd2-432f-b13c-9da35313a61e
Cooper,Anderson,cooper.anderson@example.com,51e661c3-e7b4-4398-85df-42618a757763
Nancy,Rivas,nancy.rivas@example.com,ea39808f-6fce-4507-8909-2c592532ba92
رضا,موسوی,rd.mwswy@example.com,69357f51-e1ef-46ae-b1ac-1469c699d52e
Rekha,Bansal,rekha.bansal@example.com,96ed6004-be11-4674-90b4-189507a63268
Judd,Chapman,judd.chapman@example.com,5d19f939-0f04-4a65-96e8-c0dc2d48d501
Bently,Ross,bently.ross@example.com,ac66dfeb-acbf-4cf5-b1df-7a3dd3f23c7b
Nanne,Groenland,nanne.groenland@example.com,60a595bc-b9db-40a5-8ae2-de307e177813
Lori,Gutierrez,lori.gutierrez@example.com,3e36f840-1647-4a8d-990b-40662b007979
Jeremy,Andrews,jeremy.andrews@example.com,00471e24-64ab-4a14-a057-6b972ec76992
Philippe,Knight,philippe.knight@example.com,6772c254-fa5c-4d9e-b16e-c5f6bc57a4e8
Floyd,Foster,floyd.foster@example.com,af46a816-ec68-4487-b26e-ca33fb1f8f04
Ella,Walker,ella.walker@example.com,ab971f25-e168-49e0-85a5-67a5c091831d
Carlos,Archuleta,carlos.archuleta@example.com,f010c6d0-54ae-43cb-9481-c702bbed3f0e
Quentin,Marie,quentin.marie@example.com,436cc2af-ffcb-4780-96da-8590191a92ab
April,Rice,april.rice@example.com,956e4ad0-0bd8-4099-b29f-cd55ec5c89fa
Verónica,Rodríguez,veronica.rodriguez@example.com,fb31720e-7e96-40b8-ae0b-b5056432f89e
Abigail,Salinas,abigail.salinas@example.com,48901ff5-889e-4d08-8b2e-a20b71944cb2
Vanessa,Hunt,vanessa.hunt@example.com,38be219b-602c-4373-adf8-17f9fb8de87c
Luana,Denis,luana.denis@example.com,76f53657-c7df-41da-a991-a35fe899fc1b
Villads,Christensen,villads.christensen@example.com,3dd6c6b9-425b-41f4-b7bc-6eac12827767
Maya,Pelletier,maya.pelletier@example.com,15f2a8c4-5cab-4dfe-a6eb-57d70ad7a9b3
Pratyush,Patil,pratyush.patil@example.com,a71698d1-adb6-4bb8-93b4-a95a9beb4d84
Owen,Gregory,owen.gregory@example.com,0816dce1-d7cf-4689-8684-b252bfe7bfe7
Bogoljub,Vlahović,bogoljub.vlahovic@example.com,2608cf94-8c71-4c39-ae09-b18d5ce067fd
Ioannis,Piller,ioannis.piller@example.com,3959a1d4-dc4f-413d-ae50-c3503b4af5c5
Moa,Halleland,moa.halleland@example.com,b7e7bccc-e678-40d5-ad13-b64acfb9e1db
Alexander,Alvarez,alexander.alvarez@example.com,96a32a3e-639b-4d2b-a77a-ffdf79f90da2
Naomi,Johnson,naomi.johnson@example.com,6c3cd3f0-39da-4fea-a0a6-806e98ab63f5
Lotte,Egeberg,lotte.egeberg@example.com,cddbab34-c8ff-4307-8e30-ebeb03d1821f
Roberta,Sanchez,roberta.sanchez@example.com,16a1eb23-07b9-4807-9827-6dc034f011fa
Corey,Dixon,corey.dixon@example.com,6ab9b451-6446-4f50-b0e5-e4b6b58c285d
Valdemar,Jørgensen,valdemar.jorgensen@example.com,ea11c2fc-e79e-4014-8ae3-484eafa3594a
مهرسا,زارعی,mhrs.zraay@example.com,5a0b0264-8354-4594-83f4-9a18a3c1b221
Madhumita,Rao,madhumita.rao@example.com,6ca9d66f-d78a-4a67-adaa-7f170d18e931
Ilse,Escalante,ilse.escalante@example.com,adeb8724-eb7a-4cfc-ac8e-1808c6bc24f1
Willow,Evans,willow.evans@example.com,a64aaddb-8b36-4997-be7f-a44303bc656d
Kaya,Babacan,kaya.babacan@example.com,14ff41a9-ef36-4d82-b937-2f8f20b89190
Meral,Pektemek,meral.pektemek@example.com,fcc2d976-e60d-4ae6-a2ba-13989c51880f
Bozhen,Trigub,bozhen.trigub@example.com,a7f122de-2583-456a-a57e-de0ad22e4188
Jennie,Mitchell,jennie.mitchell@example.com,56160f06-a931-4231-985c-aabfe7c4d7f9
Necati,Karaer,necati.karaer@example.com,58dd9e3a-a6ea-42ba-9632-7eb227604bf6
Joan,Garcia,joan.garcia@example.com,0c6bccc3-4fb3-48d9-b8f4-494e222ed535
Zlatousta,Paliyiv,zlatousta.paliyiv@example.com,f2598d33-5600-4a44-9dae-0d778c0e0876
الینا,نجاتی,lyn.njty@example.com,ac1b5374-33a3-49dd-a2a8-16fd8180a3a9
Alan,Wilson,alan.wilson@example.com,2d45ffd6-dd63-44e2-b295-951e318d12fd
Niilo,Aho,niilo.aho@example.com,1f15796d-d554-4c68-8b74-7b4705c99686
Parv,Nayak,parv.nayak@example.com,3944ecd6-757f-4aad-aead-49a2cab3c5e4
Umut,Beşok,umut.besok@example.com,59e27974-09e2-454c-bb25-9a607213f2d9
Margaux,Gaillard,margaux.gaillard@example.com,eece3a4c-3f1e-4f34-9d5c-f853f2ed2a15
Irene,Iglesias,irene.iglesias@example.com,30d8f17c-544b-43fb-a240-d6a47564c018
Marta,León,marta.leon@example.com,9c3ecd60-c089-4cad-8832-047e0910da2a
Josefa,Morin,josefa.morin@example.com,80a55c02-83bf-45d4-8a63-afbb5adbdae9
Fabiana,Thomas,fabiana.thomas@example.com,18cd1700-aa30-4098-a66a-1e1ae05f6417
Charles,Campbell,charles.campbell@example.com,d4143320-7983-4752-ab58-d5da752514b5
Reginald,Shaw,reginald.shaw@example.com,661b50b6-3920-4b32-a8b4-86dec918a3bd
Milena,Radanović,milena.radanovic@example.com,3db72102-cf95-4793-9f83-f7ab9458c5bf
Ángeles,Serrano,angeles.serrano@example.com,aa3ff4ff-5452-4ebb-aa90-ef48db053161
آرمین,موسوی,armyn.mwswy@example.com,53bbf37e-07f4-46a2-8bf6-f76e75ea82ff
Jake,Thompson,jake.thompson@example.com,85ec87b1-a5d3-415a-b26e-7ba9b2a795fd
Javeria,Hiremath,javeria.hiremath@example.com,05315187-97cf-4b98-a5af-e019bce9346d
Laura,Christiansen,laura.christiansen@example.com,3085ce6e-e784-4a74-b0c6-3b691b25747e
محمدعلی,گلشن,mhmdaaly.glshn@example.com,9484e204-6df7-4dcd-b465-50108dc04502
Akshitha,Nagane,akshitha.nagane@example.com,00c324a3-2953-4a2b-9921-fda7cec8129e
Marion,Peterson,marion.peterson@example.com,ce7f4adc-421e-4f63-90fe-0d0beb41a241
Nedeljko,Rodić,nedeljko.rodic@example.com,8abd46e3-2e02-40f3-b3a8-0517b27c349e
Tanveer,Singh,tanveer.singh@example.com,613fd126-bc79-407c-ad9f-1423da0dce8e
Millie,Clarke,millie.clarke@example.com,02bd66b2-82b6-4504-b9c2-0ebd1d94f587
Nicholas,Parker,nicholas.parker@example.com,134521e7-5c60-4baf-81ea-c199a18a69b9
Pooja,Shroff,pooja.shroff@example.com,2f9fc0e7-b3b9-478f-9ef6-b09163c97334
Alexis,Ennis,alexis.ennis@example.com,49c074d3-ec4f-4bcb-a1c2-8435a2cc5c00
Liva,Hansen,liva.hansen@example.com,0f85aedd-1aac-41ac-94c8-eb8e6b264fa6
Fabien,Blanchard,fabien.blanchard@example.com,b53db4a2-6170-48e3-9b5b-d59a7e58d5f5
Aada,Wuollet,aada.wuollet@example.com,fd0c1a47-a1a8-46bf-b7dd-53e20c6454ee
David,Willis,david.willis@example.com,f03c41e2-7e1d-4c32-86b6-333fe2c9359a
Dionisius,Van Kuik,dionisius.vankuik@example.com,a8a71673-c787-48f6-a29a-31b18e1067ae
Marie,Petersen,marie.petersen@example.com,59d6f222-90ba-4a71-824a-3be2fb2e036b
Daniela,Mathieu,daniela.mathieu@example.com,29ea24dd-28c3-4cbc-aa11-c9e7d0e1c35a
Natalia,Nordhagen,natalia.nordhagen@example.com,d57d2f5e-1dd5-474f-a4c4-22e30cc5b78a
Rodolfo,Cantú,rodolfo.cantu@example.com,49fdba41-519c-4f16-b3a1-c4bb1e73cf1d
Isabella,Gauthier,isabella.gauthier@example.com,bcb6fb2f-2469-4a73-b023-1af94b9522ae
Océane,Richard,oceane.richard@example.com,f1154017-539c-476a-8f2a-e6394085bbe9
Anna-Luise,Ertel,anna-luise.ertel@example.com,7eea20fa-64ab-480c-ac45-22acc4f12149
Amol,Nand,amol.nand@example.com,b44e7876-b772-4a8e-b13f-238bbb812292
Adriana,Zavala,adriana.zavala@example.com,0fab0114-3eb7-4b41-81b4-594aaf8d5a75
Zacarías,Rodríquez,zacarias.rodriquez@example.com,eecb4dfa-2731-4040-b9a1-770e7d80afa8
Lumi,Manni,lumi.manni@example.com,b67eba54-a3db-4437-be46-38e41716ed94
Helier,Silveira,helier.silveira@example.com,18d5b2a0-97cf-4656-a6cf-c7a2665654da
Emilie,Chu,emilie.chu@example.com,649ccb96-7e08-41e3-a8e6-3689f62bb822
Jovan,Stepanović,jovan.stepanovic@example.com,0bfdcbfc-b82a-4dbd-bd9a-59468643d589
Justin,Jensen,justin.jensen@example.com,10628f76-5ef6-4b7b-a1e5-5ac52b9da2ec
Nikolaj,Christensen,nikolaj.christensen@example.com,8b3624ae-bcab-456d-b15d-69bb9ab8fd19
Floyd,Kuhn,floyd.kuhn@example.com,c0432d72-c90e-4b83-a6bc-3eaaeb76125a
Patricia,Pérez,patricia.perez@example.com,e9876d0a-3c15-48c6-9f22-d5348f9f72f2
Leevi,Rintala,leevi.rintala@example.com,a36eb695-487e-49ec-98d2-05ca8d701df3
Lana,Carpentier,lana.carpentier@example.com,c40ece4d-9f93-4279-8ea6-5888cf30fa5f
Branca,Fernandes,branca.fernandes@example.com,2228bd8a-b35e-4a3f-ad6e-2997cd803e24
Murat,Yıldırım,murat.yildirim@example.com,1a93d6b7-fd14-4836-98f8-dbe24cd35284
Theresa,Evans,theresa.evans@example.com,cd0f7e61-336d-42a1-939b-6a9822f24bce
Avreliya,Revenko,avreliya.revenko@example.com,9cb05d36-e32f-4ff0-8349-ab35e3c959dc
Juho,Neva,juho.neva@example.com,bcc04f6a-adde-4cd3-9e3b-721b2e6d5538
Mohamed,Suarez,mohamed.suarez@example.com,93eb9968-12a7-4cb6-b3d2-8b3f71f7727b
Liane,Krone,liane.krone@example.com,7af11513-06b0-4abb-9eb8-1abafbafa6cf
مانی,حسینی,mny.hsyny@example.com,8d5d433e-870f-4c4a-9fe7-5f9ed48459a3
Sean,Reed,sean.reed@example.com,32eae9f9-7332-4d2a-a2c8-f4b11723aa93
Maxim,Strobel,maxim.strobel@example.com,b65b530e-83b5-47ec-97b0-7e358e757b18
Savannah,White,savannah.white@example.com,214dad4e-84a9-4adb-8d5e-af133c87ad11
Shabari,Dsouza,shabari.dsouza@example.com,16a4a7ea-3690-4cb0-828e-a3867d99b525
آرتين,نجاتی,artyn.njty@example.com,c1acee4d-dd9c-4dda-aec4-257bbcb2f525
Sarah,Grewal,sarah.grewal@example.com,e6b7d1e2-e85c-4e0c-ac0d-8eb7d217c9e4
Malvina,Lisoviy,malvina.lisoviy@example.com,7c4aa0d5-61ce-4f12-a7b1-6669bea2f52a
Etienne,Knight,etienne.knight@example.com,707d0b49-025b-471a-8dbe-18b14410b718
Aubree,Lambert,aubree.lambert@example.com,41ed7cfa-0f40-4f25-964c-dae154ce8ea6
Noel,Menges,noel.menges@example.com,181f9a70-398e-4fb9-a3d1-01ea8d933336
Stach,Nota,stach.nota@example.com,87e9d20b-2418-4783-b0bc-b042d2956a27
Antonida,Michko,antonida.michko@example.com,741982b0-2f21-4e62-ba4d-e7078da278e8
Vujadin,Zekić,vujadin.zekic@example.com,654fddf2-b260-4bb1-90ac-a1923bf9828c
Keith,Chavez,keith.chavez@example.com,703677c8-bf90-4618-8c29-778fba8018c5
Amy,Johnson,amy.johnson@example.com,8e095f2e-3e75-4d72-bb8a-0ee1c512a960
Huguette,Lucas,huguette.lucas@example.com,5b836193-4615-46ce-bc01-39332c3451ec
Larry,Welch,larry.welch@example.com,2a49fcdc-6af7-4cbc-8299-9dc1c00bc6fe
Umut,Babacan,umut.babacan@example.com,247f1e48-917b-4e43-bea9-783d2ac17bce
Emil,Perko,emil.perko@example.com,48fda0c6-53cc-4555-9e80-9b56f0b74c9b
Magdalena,Ruiz,magdalena.ruiz@example.com,655493c0-9f96-4527-9b23-637a6caeab75
Jeffery,Miles,jeffery.miles@example.com,b987425c-fa51-4df9-b527-51abd01e74d3
Dorogomir,Olefirenko,dorogomir.olefirenko@example.com,8283cc75-45b2-43db-a755-2fa9aa083a51
Eino,Lampi,eino.lampi@example.com,23b86255-f162-455a-bbe1-4c085d6bd10d
Lonnie,Silva,lonnie.silva@example.com,11411177-9a85-4013-a120-1032f48ed4b9
Nathan,Meunier,nathan.meunier@example.com,ba2ff13a-a64a-43ff-bc87-baf523017c23
Ivonne,Menéndez,ivonne.menendez@example.com,989a6a87-3ecf-4ae8-80ee-9101c0e7ad72
Eskil,Flesland,eskil.flesland@example.com,a8437c4a-620b-450c-998d-bbac87628184
رضا,علیزاده,rd.aalyzdh@example.com,94669b9d-31b4-4f2a-b742-23c94e4ed64d
Zoran,Gauthier,zoran.gauthier@example.com,0bd7c92d-ce92-4d32-b62e-14032f829607
Rose,De Witte,rose.dewitte@example.com,8df29491-5e36-48bd-91b5-a3d0fb3457e0
Afet,Karabulut,afet.karabulut@example.com,5ba1e452-94b6-41f7-a3ef-5528af3a90c3
Sofia,Niva,sofia.niva@example.com,36ab6187-4a61-4796-86db-9f5ac53ca41e
Andrea,Johansen,andrea.johansen@example.com,b6d1291d-0399-4bbf-bcfd-a5a83ad2faa1
Stanislava,Spajić,stanislava.spajic@example.com,e1d96dd3-4e0c-4016-98c6-1eda10fc8e70
Mario,Sánchez,mario.sanchez@example.com,6f3831d5-66da-4c77-a877-f1cdab34bef7
Mila,Grujić,mila.grujic@example.com,66f2a93c-95a7-4250-a70c-d5d2a992e61d
Galaza,Santos,galaza.santos@example.com,6219b4fa-34bf-479f-ad6a-d5901294da17
Damjan,Jović,damjan.jovic@example.com,8640a0f9-61b1-4072-b8c1-8b9c9a1afc26
Filippa,Olsen,filippa.olsen@example.com,c1857f07-2930-4ae0-aebe-c7aafb2ad72e
Amol,Acharya,amol.acharya@example.com,1c36946a-dc99-400c-ac75-af5dcceb4a3b
Elsa,Fuentes,elsa.fuentes@example.com,60df4c21-0abd-4489-aa5e-51ded0b007b1
Ömür,Elçiboğa,omur.elciboga@example.com,73b5d609-ca0f-4acb-8d8f-48e3c7c2b670
Francisca,Pascual,francisca.pascual@example.com,ff7f6670-fcfe-4397-898c-1ee3833a60f2
Linsy,Vosman,linsy.vosman@example.com,71f3e423-3247-4c2c-9383-23cbbe5ac9d5
Servando,Bustos,servando.bustos@example.com,586fb022-e909-4de7-90ee-370a5e42c3a6
Marjorie,Moreno,marjorie.moreno@example.com,1bb7e537-f213-4759-8697-2dbb0d624699
Layla,Singh,layla.singh@example.com,7f18a7d6-a31a-4fb7-9095-a490b657f1d8
Ognjen,Aleksić,ognjen.aleksic@example.com,4d75f276-c8b0-4841-b4b9-903bd9a989aa
Sofia,Mortensen,sofia.mortensen@example.com,f52ab9d8-9289-4a6d-b839-41cac8609e57
Oliver,Koivisto,oliver.koivisto@example.com,96a23b37-e721-40ee-9a52-05e706c33e12
Synthia,Ponsen,synthia.ponsen@example.com,92dfd8f3-8cdc-4b39-95d4-bc8bb47133af
Kadir,Çankaya,kadir.cankaya@example.com,79ea0a97-e896-4595-8fa2-d16ff8caac05
Jim,Shelton,jim.shelton@example.com,392c878a-3d59-4563-8435-579ee5b78256
Octavio,Garica,octavio.garica@example.com,3931d5a8-8bf8-493c-a023-9333e86f34d3
Yuvraj,Thampy,yuvraj.thampy@example.com,db55909d-ead1-4b40-a591-09736eaac810
Christoffer,Johansen,christoffer.johansen@example.com,557adbcd-5ab8-4392-b37c-1be5da229eed
Cecília,Barbosa,cecilia.barbosa@example.com,7e533442-461f-4e16-9ece-e263a180b3a3
Koray,Sandalcı,koray.sandalci@example.com,6a84dbcd-5aaf-4a84-9756-1137c6eae2cc
Mandy,Lucas,mandy.lucas@example.com,53db6ca1-c01f-46f6-a0f6-f6001fb9954a
Diana,Day,diana.day@example.com,4591be13-6b68-47e0-8300-dbdf4b216bd4
Sonia,Torres,sonia.torres@example.com,993b55a3-a90e-4364-af74-bd1fa0167310
Ismael,Guerrero,ismael.guerrero@example.com,d3c17c06-09d7-4bec-9d25-ba0b359f58a3
Joel,Rautio,joel.rautio@example.com,6755073e-8a78-4539-afa1-20a2304b05e1
Linda,Hudson,linda.hudson@example.com,d004eb95-e4ab-4c6d-8a26-7652f02cb82d
Yolanda,Esparza,yolanda.esparza@example.com,13250b01-5adf-454f-8a09-229702e11361
Murat,Akman,murat.akman@example.com,6b026788-9166-4c59-a102-86d6a84e4df8
Chee,Van Hese,chee.vanhese@example.com,ec4457e3-e5ac-45b0-926c-e1b4de8120e8
آدرین,گلشن,adryn.glshn@example.com,b53d9fc5-9f8c-479f-b8e4-c7691390b6ce
Begüm,Karabulut,begum.karabulut@example.com,e768385c-b8d4-4719-b44e-13f8f43559ea
Ronith,Prabhu,ronith.prabhu@example.com,f4f240d6-9015-4f54-ae40-0018486ce35f
Yeni,Marrero,yeni.marrero@example.com,611b4c27-7dd5-4c26-b9b1-e873211be2a8
Emre,Baturalp,emre.baturalp@example.com,7773db2a-e647-43e1-b674-8d15d56b8f86
Ellen,Moulin,ellen.moulin@example.com,b758cdc7-3a09-4c80-a05a-6353f74c9e61
Emma,Denys,emma.denys@example.com,7b358930-d46e-4506-b814-e872f97b70e4
Lily,Singh,lily.singh@example.com,038b4b67-5535-42d4-85a9-437df45bd219
Ellen,Cook,ellen.cook@example.com,8c90a377-7905-4725-acd2-d8daec360632
Úrsula,Gonzales,ursula.gonzales@example.com,f11375dc-344d-4a09-9882-399833849436
Martinius,Hestad,martinius.hestad@example.com,8db99fc8-62b0-4778-8bfd-815a923d2635
Hicham,Entius,hicham.entius@example.com,93ce0dc1-391c-41c1-bab7-2847d615dd02
Darko,Milutinović,darko.milutinovic@example.com,489bd791-7dc0-4b33-9277-f1de0fabc4b3
Freddie,Kim,freddie.kim@example.com,a4bf3461-e66c-4867-a06d-de616c8493e2
Vincent,Knight,vincent.knight@example.com,e0973949-2a20-42bc-ab3d-352b81edcf12
Angelina,Van Wel,angelina.vanwel@example.com,49ed9add-7781-4c42-8576-68e9bb40ad6d
Andreas,Poulsen,andreas.poulsen@example.com,5072d811-8897-4fb3-bb8c-80a95e6573e6
Victor,Sutton,victor.sutton@example.com,b6cef00a-c631-4299-98a8-eb95b2f4627c
Taciano,Duarte,taciano.duarte@example.com,ef10cfbc-675c-4b5f-8203-b7f27defce2d
Miodrag,Rein,miodrag.rein@example.com,b64248f0-19ce-48f2-a624-270c2a68e6cf
Lone,Halvorsen,lone.halvorsen@example.com,a843f60b-284e-4f7b-aa6c-8648e3a2d1cc
Sara,Lemoine,sara.lemoine@example.com,64f7c1c8-4ab8-4d28-b3dd-4063b7e77d93
Johnni,Morris,johnni.morris@example.com,ced325f3-1334-400f-a611-02e31e7cc56c
Vincent,Kolbjørnsen,vincent.kolbjornsen@example.com,e646b60d-1ae2-47da-9c00-e1cca55567b5
William,Henry,william.henry@example.com,acea7f4d-9c92-483b-af68-b037a59f7674
Katrine,Hansen,katrine.hansen@example.com,845b9379-a6dd-49cb-87e2-4737b223f5e9
Anita,Wells,anita.wells@example.com,4c67bf36-4f60-4f6f-9ceb-a732150936e1
Lisa,Grant,lisa.grant@example.com,fff5d765-4223-4e76-b69b-862c50673b1b
Isaac,Leroy,isaac.leroy@example.com,c215179b-f5fb-4204-96d3-d89aa0b8ef65
Uroš,Glavaš,uros.glavas@example.com,db54333e-4f8a-42fe-b276-f0e4db73b204
Aquila,Pires,aquila.pires@example.com,34affd54-d822-4181-b129-2060a1153771
Victoire,Noel,victoire.noel@example.com,0419ccf4-d4f2-41bc-ada5-315ec0efbe27
Tormod,Linnerud,tormod.linnerud@example.com,e83229eb-3e1f-4e1e-8563-91bd8ff516fe
Kasper,Petersen,kasper.petersen@example.com,1a5271fb-1465-4950-95f9-aa426332cf22
Mariam,Kampen,mariam.kampen@example.com,54e77a4a-4a53-48ae-a034-f3e41829cbbc
Ülkü,Keseroğlu,ulku.keseroglu@example.com,3f9b65fb-31e6-4bef-becc-429f54931f19
Aurelio,Collazo,aurelio.collazo@example.com,d0dab18b-6fbc-4ec6-a178-0d1eae201a44
Ece,Adal,ece.adal@example.com,95d21686-cdb2-4eef-a86d-bcdcdccd81ed
کیمیا,کوتی,khymy.khwty@example.com,2707b50e-29ba-464f-8045-9ece69e5b34f
